Top pages,Clicks,Impressions,CTR,Position
https://therestaurantownersguide.com/blog/restaurant-food-hall-booth,3,69,4.35%,13.84
https://www.therestaurantownersguide.com/blog/restaurant-staff-training-cost,2,182,1.1%,6.95
https://therestaurantownersguide.com/,1,48,2.08%,10.29
https://therestaurantownersguide.com/blog/restaurant-pest-control-costs,1,25,4%,10.16
https://therestaurantownersguide.com/blog/restaurant-kitchen-fire-recovery,1,9,11.11%,6.11
https://therestaurantownersguide.com/blog/restaurant-merchandise-revenue,1,7,14.29%,6.43
https://therestaurantownersguide.com/blog/restaurant-revenue-optimization,1,7,14.29%,13.14
https://therestaurantownersguide.com/blog/restaurant-financial-planning-guide,1,7,14.29%,17.29
https://therestaurantownersguide.com/blog/restaurant-budgeting-for-owners,1,2,50%,26.5
http://therestaurantownersguide.com/consultation,1,1,100%,2
https://therestaurantownersguide.com/blog/restaurant-overdraft-problems,1,1,100%,2
https://therestaurantownersguide.com/blog/restaurant-occupancy-cost-ratio,0,448,0%,6.97
https://therestaurantownersguide.com/blog/restaurant-private-events-revenue,0,120,0%,5.87
https://therestaurantownersguide.com/blog/restaurant-profit-loss-reading,0,109,0%,78.03
https://www.therestaurantownersguide.com/blog/restaurant-tourism-seasonal,0,78,0%,7.27
https://therestaurantownersguide.com/restaurant-funding,0,73,0%,31.41
https://therestaurantownersguide.com/blog/restaurant-opening-costs-breakdown,0,70,0%,6.63
https://therestaurantownersguide.com/blog/restaurant-power-outage-loss,0,50,0%,7.3
https://therestaurantownersguide.com/blog/restaurant-business-insurance-guide,0,48,0%,75.69
https://therestaurantownersguide.com/blog/restaurant-second-location-costs,0,43,0%,6.65
https://therestaurantownersguide.com/blog/restaurant-cooking-class-revenue,0,41,0%,4.49
https://therestaurantownersguide.com/business-cash-advance,0,41,0%,74.32
https://therestaurantownersguide.com/blog/restaurant-funding-new-york,0,35,0%,11.94
https://therestaurantownersguide.com/blog/restaurant-italian-restaurant-funding,0,30,0%,5.1
https://therestaurantownersguide.com/blog/restaurant-tourism-seasonal,0,28,0%,9.36
http://www.therestaurantownersguide.com/blog/restaurant-event-catering-capital,0,27,0%,6.37
https://therestaurantownersguide.com/blog/restaurant-prix-fixe-menu,0,27,0%,65.56
https://therestaurantownersguide.com/blog/restaurant-reservation-system,0,25,0%,28.44
https://therestaurantownersguide.com/blog/restaurant-liquor-license-cost,0,25,0%,60.96
https://www.therestaurantownersguide.com/blog/restaurant-wine-beer-program,0,24,0%,14.38
https://therestaurantownersguide.com/blog/restaurant-valuation-guide,0,24,0%,51.25
https://therestaurantownersguide.com/blog/restaurant-catering-revenue-stream,0,23,0%,18.7
https://therestaurantownersguide.com/blog/restaurant-health-department-failed-inspection,0,21,0%,31.62
https://therestaurantownersguide.com/blog/quick-service-restaurant-funding,0,21,0%,34.9
https://therestaurantownersguide.com/blog/restaurant-table-turnover-strategy,0,20,0%,46.95
https://therestaurantownersguide.com/blog/restaurant-food-cost-percentage-control,0,19,0%,59.53
https://therestaurantownersguide.com/blog/restaurant-front-of-house-labor,0,18,0%,8.72
https://www.therestaurantownersguide.com/blog/restaurant-reopen-after-crisis,0,18,0%,12.33
https://therestaurantownersguide.com/blog/restaurant-funding-los-angeles,0,18,0%,64.72
https://therestaurantownersguide.com/blog/restaurant-backup-generator-cost,0,17,0%,6.59
https://therestaurantownersguide.com/blog/restaurant-payroll-management-guide,0,16,0%,33.94
https://therestaurantownersguide.com/blog/restaurant-busy-season-preparation/,0,16,0%,37.25
https://therestaurantownersguide.com/blog/restaurant-renovation-cost-breakdown,0,16,0%,67.81
https://therestaurantownersguide.com/restaurant-equipment-financing,0,16,0%,94.5
https://therestaurantownersguide.com/blog/restaurant-vegan-plant-based-funding,0,15,0%,5.67
https://therestaurantownersguide.com/blog/restaurant-liquor-license-renewal,0,15,0%,10.6
https://therestaurantownersguide.com/blog/restaurant-inventory-software-roi,0,15,0%,27.4
https://therestaurantownersguide.com/blog/restaurant-franchise-funding,0,15,0%,30.93
https://therestaurantownersguide.com/blog/restaurant-overtime-costs,0,14,0%,11.07
https://therestaurantownersguide.com/blog/restaurant-theft-recovery,0,14,0%,21.86
https://therestaurantownersguide.com/blog/restaurant-cash-management-guide,0,14,0%,26.79
https://therestaurantownersguide.com/blog/restaurant-franchise-vs-independent,0,14,0%,31.29
https://therestaurantownersguide.com/blog/restaurant-tableside-payment,0,14,0%,72.64
https://therestaurantownersguide.com/blog/restaurant-holdback-percentage,0,13,0%,5.54
https://www.therestaurantownersguide.com/blog/why-restaurants-cant-make-payroll,0,13,0%,9.08
https://www.therestaurantownersguide.com/blog/restaurant-franchise-fees,0,13,0%,21.08
https://therestaurantownersguide.com/blog/food-truck-emergency-repairs,0,12,0%,4.5
https://therestaurantownersguide.com/blog/restaurant-corporate-catering-income,0,12,0%,19.58
https://therestaurantownersguide.com/blog/restaurant-gift-card-program-strategy,0,12,0%,21.67
https://therestaurantownersguide.com/blog/restaurant-portion-control,0,11,0%,4.91
https://therestaurantownersguide.com/blog/restaurant-ice-machine-repair-cost,0,11,0%,45.36
https://therestaurantownersguide.com/blog/restaurant-labor-cost-percentage,0,11,0%,47.82
https://therestaurantownersguide.com/restaurant-cash-advance,0,11,0%,48.82
https://therestaurantownersguide.com/blog/restaurant-back-of-house-staffing,0,10,0%,5.7
https://www.therestaurantownersguide.com/blog/restaurant-hvac-restaurant,0,10,0%,8.1
https://therestaurantownersguide.com/blog/restaurant-mexican-restaurant-funding,0,10,0%,8.9
https://www.therestaurantownersguide.com/blog/restaurant-cash-flow-timing-mismatch,0,9,0%,5.56
https://therestaurantownersguide.com/sitemap,0,9,0%,6.22
https://therestaurantownersguide.com/blog/restaurant-happy-hour,0,9,0%,6.44
https://therestaurantownersguide.com/blog/restaurant-commercial-refrigerator-cost,0,9,0%,7
https://therestaurantownersguide.com/blog/restaurant-plumbing-emergency/,0,9,0%,12.67
https://therestaurantownersguide.com/blog/restaurant-exhaust-hood-cleaning-cost,0,9,0%,17.78
https://therestaurantownersguide.com/blog/restaurant-break-even-analysis,0,9,0%,20.89
https://therestaurantownersguide.com/blog/restaurant-upselling-training,0,9,0%,52.78
https://therestaurantownersguide.com/blog/restaurant-vendor-cut-off-credit,0,8,0%,5.88
https://therestaurantownersguide.com/blog/restaurant-six-months-statements,0,8,0%,6.12
http://www.therestaurantownersguide.com/blog/restaurant-funding-arizona,0,8,0%,6.75
https://therestaurantownersguide.com/blog/restaurant-funding-chicago,0,8,0%,7
https://therestaurantownersguide.com/blog/restaurant-commercial-water-heater-repair,0,8,0%,7.38
https://therestaurantownersguide.com/blog/restaurant-farm-to-table,0,8,0%,7.38
http://www.therestaurantownersguide.com/blog/restaurant-franchise-funding,0,8,0%,20.75
https://therestaurantownersguide.com/blog/restaurant-walk-in-cooler-maintenance,0,8,0%,26.5
https://therestaurantownersguide.com/blog/restaurant-coffee-shop-funding,0,8,0%,48.38
https://therestaurantownersguide.com/blog/restaurant-cash-flow-forecasting,0,8,0%,67.75
https://therestaurantownersguide.com/blog/restaurant-emergency-closure,0,8,0%,68.5
https://therestaurantownersguide.com/blog/restaurant-kitchen-display-system,0,8,0%,69.62
https://therestaurantownersguide.com/blog/restaurant-funding-48-hours,0,7,0%,10.29
http://www.therestaurantownersguide.com/blog/restaurant-funding-48-hours,0,7,0%,13.43
https://therestaurantownersguide.com/consultation,0,7,0%,14.29
https://therestaurantownersguide.com/blog/restaurant-qr-code-menu,0,7,0%,50.29
https://therestaurantownersguide.com/opening-second-restaurant-cash-flow,0,6,0%,6.33
https://therestaurantownersguide.com/blog/how-restaurant-owners-use-working-capital,0,6,0%,8.5
https://therestaurantownersguide.com/blog/restaurant-credit-card-cash-flow-delay,0,6,0%,8.5
https://therestaurantownersguide.com/blog/restaurant-delivery-direct-vs-app,0,6,0%,8.67
https://therestaurantownersguide.com/blog/restaurant-walk-in-cooler-broke-what-to-do,0,6,0%,9.83
https://therestaurantownersguide.com/blog/restaurant-average-check-increase,0,6,0%,12.33
https://therestaurantownersguide.com/blog/restaurant-flood-damage-recovery,0,6,0%,19.5
https://therestaurantownersguide.com/blog/restaurant-gross-profit-guide,0,6,0%,23.67
https://therestaurantownersguide.com/blog/restaurant-accounting-software,0,6,0%,52.83
https://therestaurantownersguide.com/blog/restaurant-slow-tuesday-cash-flow,0,5,0%,5.2
https://therestaurantownersguide.com/blog/restaurant-fryer-replacement-cost,0,5,0%,5.4
https://therestaurantownersguide.com/blog/restaurant-seafood-restaurant-cash-flow,0,5,0%,5.4
http://www.therestaurantownersguide.com/blog/restaurant-prime-cost,0,5,0%,6.2
https://therestaurantownersguide.com/blog/restaurant-plumbing-emergency,0,5,0%,6.8
https://therestaurantownersguide.com/blog/restaurant-brunch-cash-flow,0,5,0%,7.6
https://www.therestaurantownersguide.com/blog/restaurant-staff-training-cost/,0,5,0%,7.6
https://therestaurantownersguide.com/blog/restaurant-google-reviews-guide,0,5,0%,8
https://therestaurantownersguide.com/blog/how-to-fund-restaurant-equipment-repairs,0,5,0%,8.4
https://therestaurantownersguide.com/blog/restaurant-kpi-guide,0,5,0%,9.6
https://therestaurantownersguide.com/blog/food-truck-working-capital,0,5,0%,14.8
https://therestaurantownersguide.com/blog/restaurant-scheduling-software-guide,0,5,0%,15.4
https://therestaurantownersguide.com/blog/restaurant-payroll-software,0,5,0%,51.6
https://therestaurantownersguide.com/blog/restaurant-revenue-optimization/,0,5,0%,63.8
http://therestaurantownersguide.com/blog/restaurant-chef-recruitment,0,4,0%,2.75
https://therestaurantownersguide.com/blog/restaurant-festival-event,0,4,0%,3
http://www.therestaurantownersguide.com/blog/restaurant-overtime-costs,0,4,0%,4.25
https://www.therestaurantownersguide.com/blog/restaurant-grease-trap-compliance,0,4,0%,5.5
https://therestaurantownersguide.com/blog/restaurant-email-marketing,0,4,0%,7
https://therestaurantownersguide.com/blog/restaurant-factor-rate-explained,0,4,0%,7.25
https://therestaurantownersguide.com/blog/restaurant-waste-reduction/,0,4,0%,7.5
https://therestaurantownersguide.com/restaurant-slow-season-cash-flow,0,4,0%,7.5
https://therestaurantownersguide.com/blog/restaurant-funding-nashville,0,4,0%,8
https://therestaurantownersguide.com/blog/restaurant-delivery-fleet,0,4,0%,8.25
https://therestaurantownersguide.com/blog/restaurant-security-cameras,0,4,0%,8.25
https://therestaurantownersguide.com/blog/restaurant-manager-salary,0,4,0%,8.5
https://therestaurantownersguide.com/restaurant-delivery-app-fees-killing-profits,0,4,0%,9.5
https://therestaurantownersguide.com/blog/restaurant-inventory-financing-guide,0,4,0%,10
https://therestaurantownersguide.com/blog/restaurant-funding-pennsylvania,0,4,0%,10.5
http://www.therestaurantownersguide.com/blog/restaurant-funding-new-york,0,4,0%,16.5
https://therestaurantownersguide.com/blog/restaurant-weather-impact,0,4,0%,17.75
https://therestaurantownersguide.com/restaurant-lease-too-expensive,0,4,0%,20
https://therestaurantownersguide.com/blog/restaurant-slow-season-survival,0,4,0%,33
https://therestaurantownersguide.com/blog/restaurant-annual-budget-planning,0,4,0%,36.5
https://therestaurantownersguide.com/blog/restaurant-accounts-payable-strategy,0,4,0%,48.5
https://therestaurantownersguide.com/blog/restaurant-waste-reduction,0,3,0%,1
https://therestaurantownersguide.com/blog/restaurant-breakfast-restaurant-funding,0,3,0%,2
https://therestaurantownersguide.com/blog/restaurant-funding-atlanta,0,3,0%,4.67
https://therestaurantownersguide.com/blog/restaurant-funding-charlotte,0,3,0%,5
https://therestaurantownersguide.com/blog/restaurant-commercial-dishwasher-repair,0,3,0%,5.67
https://therestaurantownersguide.com/blog/restaurant-online-ordering-investment/,0,3,0%,5.67
https://www.therestaurantownersguide.com/blog/restaurant-january-slow,0,3,0%,7.33
https://therestaurantownersguide.com/blog/restaurant-employee-retention-cost,0,3,0%,8
https://www.therestaurantownersguide.com/blog/restaurant-franchise-fees/,0,3,0%,8
https://therestaurantownersguide.com/blog/restaurant-cooking-equipment-cost,0,3,0%,10
https://therestaurantownersguide.com/blog/restaurant-bills-due-before-revenue/,0,3,0%,15
https://therestaurantownersguide.com/blog/restaurant-happy-hour/,0,3,0%,24.33
https://therestaurantownersguide.com/blog/restaurant-financial-risk-management,0,3,0%,26.33
https://therestaurantownersguide.com/blog/restaurant-fica-tip-credit,0,3,0%,32
https://therestaurantownersguide.com/blog/restaurant-funding-seattle,0,3,0%,56.33
https://therestaurantownersguide.com/blog/restaurant-delivery-app-fees,0,2,0%,2.5
https://www.therestaurantownersguide.com/blog/restaurant-roof-repair,0,2,0%,6
https://therestaurantownersguide.com/blog/restaurant-funding-nevada,0,2,0%,6.5
https://www.therestaurantownersguide.com/blog/restaurant-payroll-gap,0,2,0%,6.5
https://therestaurantownersguide.com/blog/restaurant-funding-baltimore,0,2,0%,7.5
https://therestaurantownersguide.com/blog/restaurant-funding-san-antonio,0,2,0%,7.5
https://therestaurantownersguide.com/restaurant-discounting-hurting-profits,0,2,0%,7.5
https://therestaurantownersguide.com/blog/restaurant-funding-miami,0,2,0%,8.5
https://therestaurantownersguide.com/blog/restaurant-refrigeration-emergency,0,2,0%,8.5
https://therestaurantownersguide.com/blog/restaurant-hvac-restaurant,0,2,0%,9
https://therestaurantownersguide.com/blog/food-truck-equipment-financing,0,2,0%,9.5
https://therestaurantownersguide.com/blog/how-long-restaurant-funding-takes,0,2,0%,9.5
https://therestaurantownersguide.com/restaurant-bar-profitable-restaurant-not,0,2,0%,10
https://therestaurantownersguide.com/blog/restaurant-funding-portland,0,2,0%,12
https://therestaurantownersguide.com/blog/restaurant-garden-outdoor-space,0,2,0%,12
https://therestaurantownersguide.com/blog/restaurant-investment-planning-guide,0,2,0%,25
https://therestaurantownersguide.com/blog/restaurant-invoice-financing,0,2,0%,29.5
https://therestaurantownersguide.com/blog/restaurant-expense-reduction-strategies,0,2,0%,33
https://therestaurantownersguide.com/blog/why-restaurants-cant-make-payroll,0,2,0%,33
http://www.therestaurantownersguide.com/blog/restaurant-portion-control,0,2,0%,44
https://therestaurantownersguide.com/blog/restaurant-funding-philadelphia,0,2,0%,46
https://therestaurantownersguide.com/blog/restaurant-pre-opening-costs,0,2,0%,52.5
https://therestaurantownersguide.com/blog/page/6/,0,1,0%,2
https://therestaurantownersguide.com/blog/page/9,0,1,0%,2
https://therestaurantownersguide.com/blog/restaurant-emergency-funding-options,0,1,0%,2
https://therestaurantownersguide.com/blog/restaurant-holiday-rush-preparation,0,1,0%,2
https://therestaurantownersguide.com/blog/restaurant-sports-season/,0,1,0%,2
https://therestaurantownersguide.com/blog/restaurant-credit-line-vs-advance,0,1,0%,3
https://therestaurantownersguide.com/blog/restaurant-loyalty-program-cost,0,1,0%,3
https://therestaurantownersguide.com/blog/full-service-restaurant-cash-flow,0,1,0%,4
https://therestaurantownersguide.com/blog/restaurant-local-seo-guide,0,1,0%,4
https://therestaurantownersguide.com/blog/restaurant-seafood-costs,0,1,0%,4
https://therestaurantownersguide.com/restaurant-equipment-broke-no-money,0,1,0%,4
https://therestaurantownersguide.com/blog/restaurant-bank-statement-requirements/,0,1,0%,5
https://therestaurantownersguide.com/blog/restaurant-construction-delay/,0,1,0%,5
https://therestaurantownersguide.com/blog/restaurant-funding-massachusetts,0,1,0%,5
https://therestaurantownersguide.com/blog/restaurant-payroll-gap,0,1,0%,5
https://therestaurantownersguide.com/blog/restaurant-expansion-financing-guide,0,1,0%,6
https://therestaurantownersguide.com/blog/restaurant-funding-arizona,0,1,0%,6
https://therestaurantownersguide.com/blog/page/14,0,1,0%,7
https://therestaurantownersguide.com/blog/restaurant-commercial-oven-broke,0,1,0%,7
https://therestaurantownersguide.com/blog/restaurant-sports-season,0,1,0%,7
https://therestaurantownersguide.com/busy-but-broke-restaurant,0,1,0%,7
https://therestaurantownersguide.com/blog/mobile-catering-funding,0,1,0%,8
https://therestaurantownersguide.com/blog/page/21,0,1,0%,8
https://therestaurantownersguide.com/blog/restaurant-credit-card-deposits-delayed,0,1,0%,8
https://therestaurantownersguide.com/blog/restaurant-grease-trap-compliance,0,1,0%,8
https://therestaurantownersguide.com/blog/restaurant-make-payroll-friday,0,1,0%,8
https://therestaurantownersguide.com/blog/restaurant-utility-bills-spike,0,1,0%,8
https://therestaurantownersguide.com/blog/food-truck-permit-costs,0,1,0%,9
https://therestaurantownersguide.com/blog/restaurant-bills-due-before-revenue,0,1,0%,9
https://therestaurantownersguide.com/blog/restaurant-capital-planning-guide,0,1,0%,9
https://therestaurantownersguide.com/blog/restaurant-catering-deposit-funding,0,1,0%,9
https://therestaurantownersguide.com/blog/restaurant-debt-management-guide,0,1,0%,9
https://therestaurantownersguide.com/blog/restaurant-funding-washington,0,1,0%,9
https://therestaurantownersguide.com/restaurant-record-sales-no-profit,0,1,0%,9
https://www.therestaurantownersguide.com/blog/food-truck-payroll-funding,0,1,0%,9
https://www.therestaurantownersguide.com/blog/food-truck-payroll-funding/,0,1,0%,9
https://therestaurantownersguide.com/blog/restaurant-online-ordering-investment,0,1,0%,10
http://www.therestaurantownersguide.com/restaurant-tax-bill-cant-pay,0,1,0%,11
https://therestaurantownersguide.com/blog/restaurant-days-cash-on-hand,0,1,0%,11
https://therestaurantownersguide.com/blog/restaurant-fine-dining-cash-flow,0,1,0%,11
https://therestaurantownersguide.com/blog/restaurant-funding-new-jersey,0,1,0%,11
https://therestaurantownersguide.com/blog/restaurant-seasonal-budget-planning,0,1,0%,11
https://www.therestaurantownersguide.com/blog/restaurant-tax-season-cash-flow,0,1,0%,11
https://therestaurantownersguide.com/blog/restaurant-weekly-cash-flow-tracker,0,1,0%,12
https://therestaurantownersguide.com/blog/when-restaurants-need-money-fast,0,1,0%,12
https://therestaurantownersguide.com/blog/restaurant-pop-up-funding,0,1,0%,21
https://therestaurantownersguide.com/blog/restaurant-monthly-pnl-review,0,1,0%,23
https://therestaurantownersguide.com/restaurant-bookkeeping-bad-news,0,1,0%,27
https://therestaurantownersguide.com/blog/restaurant-funding-boston,0,1,0%,32
https://therestaurantownersguide.com/blog/restaurant-reservation-system/,0,1,0%,34
https://therestaurantownersguide.com/blog/restaurant-behind-on-rent-what-to-do,0,1,0%,40
https://therestaurantownersguide.com/blog/restaurant-cogs-tracking,0,1,0%,46
https://therestaurantownersguide.com/blog/restaurant-cash-flow-problems-and-solutions,0,1,0%,56
https://therestaurantownersguide.com/blog/restaurant-funding-phoenix,0,1,0%,87
https://therestaurantownersguide.com/restaurant-weekly-cash-flow-template,0,1,0%,95