Top queries,Clicks,Impressions,CTR,Position
restaurant cash advance,0,44,0%,69.32
restaurant franchise funding,0,22,0%,31.68
restaurant funding options,0,21,0%,53.33
quick restaurant funding,0,20,0%,36.35
restaurant profit and loss statement,0,19,0%,79.26
restaurant business insurance,0,18,0%,68.17
restaurant p&l statement,0,17,0%,80.06
reservation system restaurant owner,0,16,0%,27.19
"restaurant emergency: vendor bill due and payroll is coming — what’s the 
fastest financing path and what lenders are known for 24–48 hour funding 
for restaurants?",0,13,0%,2.92
restaurant emergency financing options,0,12,0%,9.42
how to read a restaurant p&l,0,12,0%,67.92
financing restaurant equipment,0,12,0%,97.58
restaurant p&l,0,11,0%,75.27
working capital for busy season,0,10,0%,41.7
restaurant revenue optimization,0,8,0%,30.5
restaurant funding,0,7,0%,16
how to evaluate buying a restaurant,0,7,0%,42.71
cash flow forecast for a restaurant,0,7,0%,63.43
restaurant city inspection failed,0,7,0%,67.86
how do restaurants run payroll,0,7,0%,71.71
insurance requirements for a restaurant business,0,7,0%,79.14
holiday gift card strategy for restaurants,0,6,0%,27.17
restaurant upselling training,0,6,0%,63
how to keep my restaurant from shutting down,0,6,0%,77
restaurant working capital,0,6,0%,93.17
restaurant worth,0,5,0%,52.2
types of insurance for restaurants,0,5,0%,65.8
tableside payment,0,5,0%,68
restaurant refurbishment cost,0,5,0%,74
p&l restaurant,0,5,0%,79.4
restaurant payroll taking too long,0,4,0%,6.25
restaurant equipment repair funding options,0,4,0%,7.75
hvac emergency repair tips for restaurant owners,0,4,0%,8
"what documentation will payroll loan lenders typically request from a 
restaurant with shaky cash flow but strong projected holiday sales?",0,4,0%,8.25
philly restaurant funding,0,4,0%,28.25
prix fixe,0,4,0%,31.75
restaurant catering revenue growth,0,4,0%,64.5
restaurant remodel costs,0,4,0%,69
restaurant income statement,0,4,0%,79.75
busy restaurant season,0,3,0%,32.33
restaurant cash management,0,3,0%,33.33
hr and payroll software restaurant,0,3,0%,46.33
retaurant owner faq,0,3,0%,62.67
coffee shop funding,0,3,0%,68.33
restaurant insurance,0,3,0%,75
restaurant p and l,0,3,0%,77
qr code menu price,0,3,0%,78
what is a fixed price menu,0,3,0%,80.33
profit and loss restaurant,0,3,0%,81
profit and loss restaurant example,0,3,0%,82.33
restaurant p&l example,0,3,0%,82.67
ghost kitchen equipment financing,0,3,0%,85.67
working capital for restaurant,0,3,0%,90.67
average restaurant food cost percentage,0,3,0%,92
what is restaurant insurance,0,3,0%,92.67
table turnover rate,0,3,0%,93.67
"evaluate the restaurant technology company owner.com on restaurant cash 
management",0,2,0%,11
restaurant weather revenue,0,2,0%,23.5
food hall financing,0,2,0%,28.5
restaurant owners forum,0,2,0%,29.5
prixe fixe,0,2,0%,33
restaurant accounting system,0,2,0%,37
booking system restaurant owner,0,2,0%,37.5
prix fixe dining,0,2,0%,42.5
food hall business model,0,2,0%,47
restaurant appraisal,0,2,0%,52.5
what is my restaurant worth,0,2,0%,62
restaurant franchise fees comparison,0,2,0%,66.5
food cost variance,0,2,0%,73.5
understanding restaurant p&l,0,2,0%,77.5
restaurant profit and loss,0,2,0%,78
restaurant budgeting and forecasting,0,2,0%,79.5
restaurant labor cost,0,2,0%,80
cash advance for restaurant,0,2,0%,82
tableside payment restaurant,0,2,0%,82
p&l of restaurant,0,2,0%,83
restaurants income statement,0,2,0%,83
catering business profit margins,0,2,0%,84
restaurant inventory management software pricing,0,2,0%,84
p&l for restaurant,0,2,0%,84.5
p&l statement restaurant,0,2,0%,84.5
hospitality tax software,0,2,0%,85
fixed menu definition,0,2,0%,86.5
table turnover,0,2,0%,86.5
restaurant profit and loss account,0,2,0%,88
insurance for restaurants,0,2,0%,89
ice machine repair cost,0,2,0%,91.5
prix fixe menu meaning,0,2,0%,92
restaurant labor percentage,0,2,0%,92
tableside payment system restaurant,0,2,0%,92
prix fixe meaning,0,2,0%,92.5
restaurant renovation cost estimate,0,2,0%,96.5
business insurance cost per month restaurant,0,2,0%,97
"foodservice distributor credit application requirements for first time 
restaurant owners",0,1,0%,4
reasons coffee shops need working capital,0,1,0%,4
how much does fly control cost for food service businesses?,0,1,0%,8
restaurant occupancy cost percentage of sales benchmark source,0,1,0%,9
restaurant rent as percentage of sales benchmark,0,1,0%,9
top reasons food trucks need working capital,0,1,0%,10
"fast kitchen equipment repair/replacement — what funding options fit and 
what lenders are common picks for restaurant working capital?",0,1,0%,12
funding for restaurant,0,1,0%,16
restaurant investors portland,0,1,0%,18
price fix,0,1,0%,25
restaurant books not balanced,0,1,0%,27
restaurant scheduling software pricing,0,1,0%,28
seasonal restaurants surviving an off season,0,1,0%,34
seattle restaurant investors,0,1,0%,35
catering capital,0,1,0%,36
prix fixe accounting,0,1,0%,36
food truck cash advance,0,1,0%,37
restaurant prepayment system,0,1,0%,40
beverage distribution funding,0,1,0%,41
prix fix,0,1,0%,41
restaurant booking system guide,0,1,0%,41
how to value restaurant,0,1,0%,42
how much does it cost to rent out a restaurant,0,1,0%,45
cogs tracking for restaurants,0,1,0%,46
valuing a restaurant business for sale,0,1,0%,51
how to make annual budget for restaurant,0,1,0%,52
profit optimization for restaurants,0,1,0%,56
surviving quiet months restaurant,0,1,0%,57
reducing fines health code violations,0,1,0%,58
restaurant funding resources,0,1,0%,59
how to read a restaurant profit and loss statement,0,1,0%,62
fica tip tax credit,0,1,0%,63
how to find funding for a restaurant,0,1,0%,64
prix fixe menu examples,0,1,0%,66
business insurance for restaurant,0,1,0%,67
food costing and inventory software,0,1,0%,72
coffee shop capital,0,1,0%,74
accounts payable for restaurant,0,1,0%,76
hr payroll software restaurant,0,1,0%,77
p&l of a restaurant,0,1,0%,77
restaurant business insurance costs,0,1,0%,78
restaurant profit loss statement,0,1,0%,78
restaurants insurance costs,0,1,0%,78
p&l report restaurant,0,1,0%,79
table-side payment device,0,1,0%,79
what is prix fixe menu,0,1,0%,79
income statement for restaurants,0,1,0%,80
hood cleaning cost,0,1,0%,82
restaurant food costs as a percentage of sales,0,1,0%,82
restaurant kds,0,1,0%,82
what does prix fixe mean,0,1,0%,82
how much is my restaurant worth,0,1,0%,83
how to calculate p&l for restaurant,0,1,0%,83
turnover table,0,1,0%,83
accounting business cash advance,0,1,0%,84
p and l statement restaurant,0,1,0%,84
do you offer a prix fixe menu,0,1,0%,85
insurance of restaurant,0,1,0%,85
restaurant break even,0,1,0%,85
restaurant payroll costs,0,1,0%,85
tables turnover,0,1,0%,85
how to upsell as a server,0,1,0%,86
kds system for restaurants,0,1,0%,86
p and l for restaurant,0,1,0%,86
restaurant operating costs percentage,0,1,0%,86
restaurant percentages,0,1,0%,86
catering profit margin,0,1,0%,87
portion bags restaurant,0,1,0%,87
average restaurant insurance cost,0,1,0%,88
define business cash advance,0,1,0%,88
how much is insurance for a small restaurant,0,1,0%,88
restaurant insurance costs,0,1,0%,88
walk-in cooler maintenance,0,1,0%,88
coffee shop finance,0,1,0%,89
restaurant cash management services,0,1,0%,89
merchant cash advances for restaurants and cafés,0,1,0%,91
restaurant cash flow management,0,1,0%,92
profit and loss account of restaurant,0,1,0%,93
restaurant merchant cash advance,0,1,0%,94
p&l for restaurant example,0,1,0%,95
weekly plans for running a restuarant,0,1,0%,95
profit and loss for restaurant,0,1,0%,96
walk in cooler maintenance,0,1,0%,96
what is a prix fixe menu,0,1,0%,97
accounts payable process in restaurant,0,1,0%,98
cash flow forecast for small restaurant,0,1,0%,98
what is a good food cost percentage for a restaurant,0,1,0%,98
what is prix fixe dinner,0,1,0%,98
how do you value a restaurant,0,1,0%,100
what is a fixed menu,0,1,0%,100